-0.255126,55.5539,94.4477,-0.00230817,0.998008,-0.0630454
-0.437857,55.2382,89.4567,-0.00230817,0.998008,-0.0630454
-0.639741,54.8894,83.9428,-0.00230817,0.998008,-0.0630454
-0.839625,54.5441,78.4837,-0.00230817,0.998008,-0.0630454
-1.02234,54.2285,73.4934,-0.00230817,0.998008,-0.0630454
-1.22278,53.8822,68.0193,-0.00230817,0.998008,-0.0630454
-1.4231,53.5361,62.5486,-0.00230816,0.998008,-0.0630451
-1.60622,53.2198,57.5477,-0.00230816,0.998008,-0.0630451
-1.78983,52.9026,52.5334,-0.00230815,0.998008,-0.0630451
-1.98965,52.5574,47.0765,-0.00230815,0.998008,-0.0630451
-2.17238,52.2418,42.0863,-0.00230815,0.998008,-0.0630451
-2.37262,51.8959,36.6179,-0.00230815,0.998008,-0.0630451
-2.55575,51.5795,31.6166,-0.00230815,0.998008,-0.0630452
-2.84688,51.0766,23.666,-0.00230815,0.998008,-0.0630452
-3.14729,50.5576,15.4617,-0.00230815,0.998008,-0.0630452
-3.42143,50.084,7.97507,-0.00230814,0.998008,-0.0630452
-3.69584,49.61,0.481031,-0.00230814,0.998008,-0.0630452
-3.96988,49.1366,-7.00271,-0.00230814,0.998008,-0.0630452
-4.26537,48.6261,-15.0725,-0.00230814,0.998008,-0.0630452
-4.56098,48.1155,-23.1454,-0.00230814,0.998008,-0.0630452
-4.85735,47.6035,-31.239,-0.00230814,0.998008,-0.0630452
-5.1557,47.0881,-39.3868,-0.00230814,0.998008,-0.0630451
-5.45308,46.5744,-47.508,-0.00230814,0.998008,-0.0630451
-5.75008,46.0613,-55.6188,-0.00230814,0.998008,-0.0630451
-6.04716,45.5481,-63.732,-0.00230814,0.998008,-0.0630451
-6.33767,45.0684,-71.6658,-0.00212528,0.998311,-0.0580513
-6.63263,44.5993,-79.721,-0.00212528,0.998311,-0.0580513
-6.92756,44.1364,-87.7756,-0.00205214,0.998426,-0.0560538
-7.2203,43.6862,-95.7839,-0.00205214,0.998426,-0.0560537
-7.50563,43.24,-103.796,-0.00201657,0.998481,-0.055055
-7.79226,42.8012,-111.844,-0.001981,0.998536,-0.0540562
-8.07631,42.3744,-119.82,-0.00194543,0.99859,-0.0530574
-8.36277,41.9465,-127.863,-0.00194542,0.99859,-0.053057
-8.65297,41.513,-136.012,-0.00194543,0.99859,-0.0530574
-8.9417,41.0817,-144.119,-0.00194543,0.99859,-0.0530574
-9.23163,40.6486,-152.26,-0.00194543,0.99859,-0.0530574
-9.52067,40.2168,-160.376,-0.00194543,0.99859,-0.0530574
-9.8105,39.7838,-168.515,-0.00194543,0.99859,-0.0530574
-10.0997,39.3517,-176.636,-0.00194543,0.99859,-0.0530574
-10.3886,38.9202,-184.747,-0.00194544,0.99859,-0.0530574
-10.6778,38.4881,-192.869,-0.00194544,0.99859,-0.0530574
-10.9679,38.0547,-201.015,-0.00194544,0.99859,-0.0530574
-11.2553,37.6254,-209.084,-0.00194544,0.99859,-0.0530574
-11.5217,37.2275,-216.564,-0.00194544,0.99859,-0.0530574
-11.8126,36.7929,-224.732,-0.00194544,0.99859,-0.0530574
-12.0976,36.3672,-232.735,-0.00194544,0.99859,-0.0530574
-12.3856,35.937,-240.82,-0.00194544,0.99859,-0.0530574
-12.6757,35.5035,-248.968,-0.00194544,0.99859,-0.0530574
-12.966,35.0698,-257.12,-0.00194545,0.99859,-0.0530574
-13.2562,34.6364,-265.266,-0.00194545,0.99859,-0.0530574
-13.5435,34.2072,-273.334,-0.00194545,0.99859,-0.0530574
-13.8346,33.7723,-281.508,-0.00194545,0.99859,-0.0530574
-14.125,33.3385,-289.662,-0.00194545,0.99859,-0.0530574
-14.4146,32.906,-297.792,-0.00194545,0.99859,-0.0530574
-14.7048,32.4724,-305.943,-0.00194545,0.99859,-0.0530574
-14.9918,32.0437,-314,-0.00194545,0.99859,-0.0530574
-15.2846,31.6063,-322.222,0.0850431,0.994805,-0.0559541
-15.5776,31.1687,-330.448,0.0937946,0.994003,-0.0562231
-15.8694,30.7327,-338.643,0.119495,0.991198,-0.0569892
-16.1623,30.2951,-346.867,0.17117,0.983508,-0.0584204
-16.4549,29.8581,-355.082,0.17117,0.983508,-0.0584204
-16.7474,29.4212,-363.294,0.26441,0.962503,-0.0606236
-17.0406,28.9831,-371.528,0.355618,0.932554,-0.0622786
-17.333,28.5464,-379.737,0.419854,0.905394,-0.0631214
-17.6256,28.1093,-387.953,0.419854,0.905394,-0.0631214
-17.9331,27.6673,-396.103,0.41974,0.905233,-0.0661135
-18.2228,27.2548,-403.591,0.41974,0.905233,-0.0661135
-18.5411,26.8017,-411.816,0.419741,0.905233,-0.0661135
-18.7921,26.4135,-419.315,0.420221,0.90598,-0.0511375
-18.9569,26.0713,-427.199,0.420347,0.90624,-0.0451426
-19.0607,25.7617,-435.183,0.42047,0.906586,-0.0361525
-19.0663,25.4799,-443.17,0.42048,0.906833,-0.0291546
-18.9981,25.2154,-451.084,0.420439,0.906999,-0.0241562
-18.8384,24.9722,-459.021,0.420265,0.907275,-0.01516
-18.5831,24.7489,-466.989,0.420079,0.907441,-0.00916489
-18.2343,24.5288,-474.92,0.472254,0.881462,-0.00105969
-17.7965,24.305,-482.883,0.494135,0.869374,0.00439831
-17.2633,24.0962,-490.881,0.493265,0.869706,0.0173653
-16.6185,23.9298,-498.764,0.492705,0.869856,0.0243389
-15.9231,23.7738,-506.901,0.492449,0.869912,0.0273243
-15.1807,23.6544,-514.802,0.491428,0.870077,0.0382759
-14.3354,23.5724,-522.758,0.506032,0.861062,0.0500418
-13.3575,23.5299,-530.731,0.574021,0.815702,0.0716285
-12.278,23.5251,-538.616,0.57183,0.815694,0.0874863
-10.9972,23.6319,-546.521,0.566725,0.815258,0.119066
-9.52787,23.9032,-554.321,0.561409,0.81428,0.14754
-7.91532,24.2524,-562.083,0.612202,0.773195,0.165464
-6.25747,24.6121,-569.828,0.642855,0.745776,0.174799
-4.48707,24.9754,-577.657,0.639743,0.745134,0.188425
-2.4598,25.3933,-585.364,0.663618,0.707991,0.241578
0.0597589,26.0025,-592.795,0.643672,0.703104,0.302209
2.92281,26.6711,-600.328,0.641934,0.702682,0.306853
5.84052,27.3447,-607.975,0.665155,0.677707,0.3135
8.74854,28.0167,-615.594,0.714317,0.618164,0.328062
11.9849,28.5894,-622.869,0.686165,0.612917,0.391804
15.7908,29.1089,-629.827,0.662323,0.609594,0.435572
20.147,29.7174,-636.54,0.655504,0.556645,0.510354
24.822,30.3587,-642.964,0.667241,0.504325,0.54813
29.5653,31.0005,-649.244,0.659484,0.503272,0.558389
34.4425,31.6997,-655.425,0.670354,0.442209,0.595883
39.5128,32.4383,-661.484,0.667432,0.40129,0.627296
44.8094,33.1536,-667.457,0.654916,0.399589,0.641416
50.2143,33.8684,-673.218,0.657727,0.326171,0.678976
55.8423,34.6046,-678.856,0.635885,0.323297,0.700806
61.6619,35.2357,-684.295,0.642052,0.257177,0.722239
67.5608,35.8426,-689.787,0.647738,0.249095,0.719992
73.5063,36.452,-695.34,0.646259,0.248943,0.721371
79.3414,37.0577,-700.646,0.644902,0.165683,0.746091
85.3575,37.6368,-705.909,0.639586,0.131145,0.75745
91.4552,38.0971,-710.969,0.6143,0.1292,0.778424
97.7168,38.4132,-715.86,0.600114,0.128454,0.789533
104.107,38.5892,-720.632,0.58417,0.127966,0.80148
110.642,38.6594,-725.338,0.575195,0.12785,0.807963
117.155,38.6674,-729.912,0.562861,0.127836,0.816606
123.815,38.5535,-734.344,0.54032,0.128179,0.831639
130.611,38.369,-738.593,0.514671,0.0871069,0.852952
137.534,38.2224,-742.446,0.458553,0.0542304,0.887011
144.724,38.1208,-745.794,0.392544,0.0552946,0.91807
152.156,38.3022,-748.784,0.357391,0.0546058,0.932357
159.688,38.5947,-751.63,0.34717,0.0542151,0.936234
167.215,38.9125,-754.379,0.333226,0.0536289,0.941321
174.725,39.267,-757.008,0.32303,0.05315,0.944895
182.39,39.6355,-759.647,0.323948,0.0531941,0.944578
190.064,40.0034,-762.317,0.326811,0.0533315,0.943584
197.824,40.3722,-765.02,0.325875,0.0532868,0.94391
205.407,40.4701,-767.485,0.278314,0.0528458,0.959035
213.147,40.3786,-769.438,0.231898,0.0532712,0.97128
220.989,40.2582,-771.245,0.214265,0.0535433,0.975307
228.784,40.1014,-772.895,0.202511,0.0537739,0.977802
236.62,39.924,-774.482,0.197614,0.0538825,0.978798
244.607,39.7402,-776.079,0.195968,0.0968014,0.975821
252.413,39.554,-777.614,0.19172,0.172548,0.966163
260.238,39.3406,-779.092,0.182729,0.17279,0.96786
268.187,39.087,-780.529,0.179741,0.172884,0.968403
276.212,38.8248,-781.965,0.178742,0.172916,0.968582
284.336,38.5573,-783.416,0.178742,0.172916,0.968582
292.422,38.291,-784.861,0.178732,0.189892,0.965399
300.44,38.0141,-786.29,0.177864,0.281951,0.942798
308.35,37.5624,-787.664,0.180494,0.306658,0.93455
316.3,36.8934,-788.98,0.181133,0.322809,0.92897
324.381,36.1663,-790.303,0.183167,0.411563,0.892785
332.344,35.4496,-791.606,0.183269,0.419278,0.889167
340.238,34.7328,-792.878,0.179741,0.44925,0.875139
348.257,33.9935,-794.138,0.17889,0.531196,0.828148
356.269,33.2729,-795.367,0.166016,0.547017,0.820494
364.232,32.6197,-796.49,0.157861,0.575346,0.802532
372.351,31.9657,-797.609,0.154784,0.650527,0.743543
380.317,31.3332,-798.696,0.1474,0.683319,0.715087
388.277,30.7756,-799.703,0.132241,0.690478,0.711163
396.205,30.2636,-800.662,0.123202,0.755224,0.643784
404.035,29.8139,-801.589,0.111057,0.812006,0.572986
411.966,29.4204,-802.529,0.101039,0.821914,0.560578
419.819,29.197,-803.439,0.0797378,0.845198,0.528472
427.991,29.0145,-804.38,0.0712541,0.892363,0.445659
436.136,28.8361,-805.319,0.0611546,0.931201,0.35934
443.869,28.6757,-806.213,0.0566359,0.943429,0.326703
451.693,28.5187,-807.116,0.0548807,0.948978,0.31053
459.132,28.3695,-807.975,0.0457738,0.972703,0.227495
467.066,28.2034,-808.93,0.0421863,0.988717,0.14373
474.902,27.9845,-810.06,0.0530519,0.988416,0.142194
482.796,27.7324,-811.296,0.0461175,0.995424,0.0836901
490.768,27.4531,-812.567,0.042807,0.998801,0.0237547
498.537,27.1122,-813.844,0.0506874,0.998462,0.0224658
506.387,26.7256,-815.158,0.0426401,0.997188,-0.0616232
514.108,26.2533,-816.485,0.0583758,0.99622,-0.0643235
521.999,25.6235,-817.871,0.0731013,0.995078,-0.0669005
529.799,24.9251,-819.257,0.0819338,0.994283,-0.0684689
537.561,24.1357,-820.652,0.0956289,0.992887,-0.0709299
545.426,23.1895,-822.064,0.11612,0.990429,-0.0746098
553.17,22.0864,-823.384,0.141459,0.986792,-0.0789364
560.867,20.7938,-824.579,0.16192,0.98338,-0.0821376
568.625,19.3539,-825.701,0.178462,0.980308,-0.084541
576.294,17.7511,-826.678,0.2105,0.973568,-0.0886306
583.995,15.9077,-827.467,0.236614,0.967302,-0.0913235
591.681,13.8009,-828.045,0.274117,0.957069,-0.094232
599.218,11.4605,-828.378,0.306518,0.947035,-0.0957629
606.779,8.99864,-828.268,0.310328,0.945789,-0.0958093
614.481,6.69622,-826.98,0.282426,0.959203,-0.0128397
622.035,4.59469,-825.289,0.240244,0.967902,0.0738177
629.459,2.78169,-823.389,0.197576,0.97703,0.0798573
637.02,1.19602,-821.407,0.17106,0.98256,0.072904
644.605,0.0960751,-819.441,0.082912,0.995303,0.0499798
652.331,-0.464895,-817.586,0.0431658,0.998252,0.0403692
660.18,-0.780462,-815.793,0.0227087,0.999105,0.0356763
667.944,-0.962108,-814.086,0.00610343,0.999468,0.0320293
675.674,-0.891239,-812.669,-0.0282773,0.999275,0.0254811
683.592,-0.663058,-811.462,-0.034203,0.999113,0.024551
691.726,-0.414228,-810.256,-0.0342079,0.999113,0.0245503
699.86,-0.164126,-809.049,-0.0351986,0.999082,0.0244033
707.94,0.103941,-807.85,-0.0381606,0.998984,0.0239638
715.753,0.400305,-806.691,-0.0440897,0.998761,0.023084
723.801,0.731345,-805.497,-0.0431053,0.9988,0.0232301
731.827,1.01727,-804.307,-0.0381673,0.998984,0.0239624
739.894,1.31264,-803.111,-0.044109,0.99876,0.023081
747.962,1.67515,-801.9,-0.0608941,0.997933,0.0205417
755.823,2.1887,-800.697,-0.0737183,0.997106,0.0185754
763.664,2.89975,-799.438,-0.114042,0.993402,0.0121285
771.435,3.88942,-798.041,-0.134569,0.990868,0.00849477
779.2,4.96786,-796.583,-0.142335,0.989794,0.00704213
786.955,6.10629,-795.075,-0.150106,0.988654,0.0055363
794.761,7.29671,-793.493,-0.153003,0.988213,0.00495466
802.416,8.464,-791.765,-0.147251,0.989079,0.00630537
809.976,9.47751,-789.501,-0.136264,0.989701,0.0438736
817.409,10.3337,-786.898,-0.139924,0.986361,0.0866774
824.908,11.1091,-784.13,-0.131539,0.98724,0.0897451
832.282,11.8012,-781.181,-0.127825,0.987595,0.0911991
839.545,12.422,-777.977,-0.124166,0.987916,0.0927613
846.677,12.9748,-774.312,-0.125032,0.987852,0.0922843
853.459,13.4565,-770.214,-0.0822691,0.996401,0.0204226
860.075,13.8805,-765.845,-0.0495507,0.998736,-0.00842981
866.341,14.0546,-761.07,-0.00822747,0.9997,0.0230618
871.739,13.782,-755.234,0.0182809,0.998572,0.0501971
876.347,13.3537,-748.82,0.0338565,0.998499,0.0430538
880.962,12.9086,-742.123,0.111096,0.993754,-0.0104916
885.507,12.4729,-735.457,0.110533,0.993808,-0.01132
889.797,12.089,-728.731,0.108362,0.994003,-0.0146987
893.533,11.7832,-721.874,0.108358,0.994003,-0.0147052
896.493,11.5531,-714.368,0.110503,0.993834,-0.0091078
898.49,11.3873,-706.696,0.111087,0.993785,-0.00718656
899.945,11.2819,-698.789,0.111088,0.993785,-0.00718423
900.911,11.2308,-690.917,0.111088,0.993785,-0.00717824
901.307,11.2564,-683.013,0.110859,0.993735,-0.014176
900.927,11.5129,-675.107,0.11191,0.992948,-0.0391294
899.892,12.021,-667.332,0.114586,0.991604,-0.0599298
898.423,12.7587,-659.498,0.117737,0.990008,-0.0775995
896.77,13.601,-651.736,0.11959,0.989062,-0.0863442
894.941,14.5677,-643.99,0.123202,0.987145,-0.101816
892.917,15.6699,-636.351,0.126205,0.985508,-0.113343
890.808,16.8431,-628.753,0.128052,0.984479,-0.120014
888.632,18.0874,-621.174,0.130493,0.983082,-0.128536
886.381,19.414,-613.711,0.134173,0.980908,-0.140774
883.971,20.8592,-606.249,0.137178,0.979103,-0.150134
881.484,22.3549,-598.853,0.138434,0.978346,-0.153866
878.942,23.8873,-591.502,0.139718,0.977571,-0.15759
876.356,25.4537,-584.169,0.140691,0.976981,-0.160357
873.717,27.0539,-576.861,0.142016,0.976177,-0.164041
871.005,28.6913,-569.52,0.142708,0.975759,-0.165918
868.223,30.3624,-562.087,0.14304,0.975559,-0.166804
865.433,32.0393,-554.685,0.1434,0.975343,-0.167757
862.574,33.7579,-547.172,0.144123,0.974909,-0.169652
859.768,35.4543,-539.878,0.14484,0.974475,-0.171522
856.932,37.1706,-532.559,0.145193,0.974261,-0.172435
854.28,38.7756,-525.724,0.145193,0.974261,-0.172435
851.627,40.3812,-518.886,0.145193,0.974261,-0.172435
848.715,42.1432,-511.382,0.145194,0.974261,-0.172438
845.865,43.851,-504.06,0.143429,0.975314,-0.167904
843.005,45.4961,-496.736,0.140228,0.977153,-0.159711
840.148,47.0045,-489.455,0.132336,0.981326,-0.139595
837.262,48.3117,-482.118,0.121876,0.986091,-0.113006
834.311,49.4284,-474.657,0.114226,0.98903,-0.0936552
831.438,50.3771,-467.423,0.109094,0.990748,-0.0807237
828.486,51.2604,-460.007,0.104677,0.992066,-0.0696296
825.523,52.0151,-452.63,0.098002,0.993774,-0.0529959
822.514,52.5398,-445.207,0.0818793,0.996554,-0.0132366
819.519,52.7027,-437.886,0.066368,0.99749,0.0246919
816.44,52.6171,-430.408,0.0572369,0.997259,0.0468789
813.418,52.2587,-423.103,0.0411982,0.995473,0.0856468
810.381,51.6658,-415.799,0.0327755,0.993836,0.105907
807.313,50.9019,-408.451,0.0243356,0.991717,0.126116
804.235,49.9386,-401.15,0.013541,0.988329,0.151735
801.133,48.7647,-393.904,0.00459103,0.984971,0.17266
797.993,47.4185,-386.65,-0.00363149,0.981453,0.191667
794.891,45.9159,-379.547,-0.0154087,0.975688,0.218623
791.81,44.0913,-372.463,-0.0325081,0.965626,0.257895
788.789,41.9518,-365.457,-0.0466313,0.955706,0.290607
785.791,39.5229,-358.46,-0.0594145,0.945413,0.320414
782.842,36.8961,-351.558,-0.0672057,0.93851,0.338647
779.901,34.0629,-344.632,-0.0789022,0.927197,0.366169
777.06,31.0463,-337.846,-0.085701,0.920025,0.382373
774.237,27.9062,-331.01,-0.0874539,0.918092,0.386599
771.393,24.7216,-324.085,-0.0867427,0.918888,0.384863
768.707,21.8013,-317.25,-0.0663741,0.940645,0.332838
766.283,19.3495,-310.115,-0.0493197,0.957727,0.283419
764.358,17.1966,-302.701,-0.0422671,0.965366,0.257451
763.01,15.2092,-295.176,-0.0393551,0.969413,0.242261
762.178,13.2783,-287.493,-0.0388711,0.970386,0.238411
761.707,11.3593,-279.76,-0.0388721,0.970383,0.238425
761.511,9.49225,-272.104,-0.0387316,0.971569,0.233568
761.69,7.69439,-264.5,-0.0388132,0.972725,0.22869
762.401,5.9235,-256.793,-0.038939,0.973172,0.22676
763.647,4.17967,-249.095,-0.0389373,0.973169,0.226771
765.155,2.48671,-241.522,-0.0393114,0.973599,0.224853
766.618,0.888649,-234.347,-0.03931,0.973598,0.22486
768.195,-0.823773,-226.631,0.0185212,0.977575,0.209769
769.783,-2.40411,-218.957,0.01336,0.982684,0.184807
771.389,-3.74927,-211.405,0.00865611,0.986646,0.16265
773.057,-4.93477,-203.702,0.00342933,0.990358,0.138491
774.708,-5.92205,-195.826,-0.00289348,0.994106,0.108377
775.984,-6.57103,-188.011,-0.0124163,0.998705,0.0493414
776.542,-6.74982,-180.16,-0.015965,0.999851,0.00651688
776.783,-6.75902,-172.335,-0.0162593,0.999865,-0.0024756
776.815,-6.71585,-164.38,-0.0162825,0.999823,-0.00947399
776.25,-6.62316,-156.508,-0.0159359,0.999754,-0.0154617
774.901,-6.48236,-148.648,-0.0147341,0.999619,-0.023365
773.131,-6.2843,-140.986,-0.0127695,0.999402,-0.0321447
771.178,-6.03123,-133.216,-0.01107,0.999181,-0.0389316
769.033,-5.71452,-125.675,-0.00811072,0.99874,-0.0495153
766.34,-5.34585,-118.205,-0.00606895,0.99846,-0.055149
763.196,-4.92228,-110.95,-0.0012958,0.99781,-0.0661377
759.857,-4.33218,-103.855,0.0122501,0.995399,-0.0950259
756.279,-3.54497,-96.9001,0.0203814,0.993613,-0.110983
752.374,-2.62202,-89.9894,0.0291483,0.99153,-0.126566
748.25,-1.59188,-83.2709,0.0348201,0.990112,-0.135889
744.005,-0.481217,-76.687,0.042858,0.988002,-0.148374
739.58,0.654408,-70.0236,0.0362855,0.9897,-0.138483
735.101,1.76086,-63.279,0.0362848,0.9897,-0.138481
730.581,2.88286,-56.4732,0.0406697,0.988583,-0.145082
726.22,4.21282,-49.8587,0.0731836,0.978186,-0.194412
721.989,6.07619,-43.4248,0.101525,0.966063,-0.237518
717.827,8.26354,-37.0627,0.127293,0.952431,-0.276898
713.782,10.8105,-30.9038,0.151691,0.937207,-0.314058
709.758,13.7051,-24.8103,0.175759,0.91992,-0.350509
705.702,17.0193,-18.7337,0.202529,0.897993,-0.390628
701.771,20.6777,-12.9092,0.232242,0.87014,-0.434649
697.964,24.9087,-7.37316,0.280117,0.816845,-0.504281
694.368,29.9466,-2.30071,0.335976,0.739483,-0.58334
691.384,35.7664,2.082,0.405737,0.605674,-0.684497
688.796,42.1978,6.25824,0.40413,0.609661,-0.681904
686.152,48.7226,10.5249,0.404131,0.609659,-0.681904
683.523,55.2173,14.7681,0.404455,0.608859,-0.682427
680.896,61.7651,19.0184,0.411364,0.591268,-0.693673
678.536,68.2968,22.8907,0.425942,0.551037,-0.717587
676.291,75.0064,26.5534,0.432998,0.530022,-0.729102
674.128,81.7968,30.1273,0.436523,0.519001,-0.734905
672.041,88.6696,33.6811,0.439623,0.50878,-0.740186
670.066,95.6288,37.2162,0.443285,0.495872,-0.746732
668.284,102.496,40.6658,0.445299,0.488175,-0.750596
666.568,109.539,44.1821,0.446988,0.481275,-0.75404
664.97,116.601,47.6121,0.452158,0.458389,-0.765136
663.544,123.685,50.8246,0.458142,0.428883,-0.778566
662.208,131.002,53.9522,0.461954,0.407995,-0.787489
661.012,138.237,56.8302,0.466962,0.377728,-0.799542
659.967,145.618,59.4317,0.474612,0.323433,-0.818618
659.13,153.27,61.6604,0.480463,0.270966,-0.834106
658.458,160.993,63.6122,0.483187,0.240034,-0.84197
657.937,168.795,65.3344,0.486247,0.193162,-0.852204
657.627,176.541,66.7401,0.487685,0.157785,-0.858643
657.481,184.463,67.9176,0.488465,0.115282,-0.864935
657.559,192.393,68.7419,0.487943,0.0576647,-0.870968
657.891,200.329,69.1692,0.485592,-0.000209393,-0.874186
658.452,208.291,69.218,0.482167,-0.050163,-0.874642
659.197,216.292,68.9432,0.477843,-0.0968864,-0.873086
660.116,224.214,68.3543,0.471429,-0.151199,-0.868846
661.378,231.973,67.2383,0.45519,-0.250782,-0.854348
663.182,239.54,65.4908,0.435429,-0.336349,-0.835028
665.278,247.046,63.4672,0.432627,-0.346591,-0.832291
667.397,254.604,61.435,0.433148,-0.344732,-0.832792
669.544,262.239,59.3721,0.432361,-0.347536,-0.832036
671.431,269.872,57.568,0.458998,-0.235274,-0.856719
672.879,277.665,56.1025,0.445844,-0.300577,-0.843135
675.137,284.883,53.9806,0.399913,-0.448355,-0.799404
678.146,291.605,51.085,0.356355,-0.547246,-0.757319
681.635,297.812,47.6065,0.303308,-0.642028,-0.704134
685.551,303.473,43.6637,0.264964,-0.697849,-0.665433
689.856,308.572,39.3192,0.209836,-0.764436,-0.609595
694.499,312.798,34.6552,0.127948,-0.840222,-0.52693
699.412,316.192,29.6753,0.0694739,-0.881273,-0.467473
704.696,318.912,24.389,-0.000642225,-0.917824,-0.396987
710.344,320.633,18.9435,-0.108701,-0.950119,-0.292333
715.937,320.924,13.3665,-0.24192,-0.957192,-0.158929
721.696,320.07,7.71586,-0.271378,-0.953769,-0.129146
727.438,319.201,2.10004,-0.237385,-0.967021,-0.0922955
733.234,318.319,-3.57043,-0.185383,-0.981977,-0.0368145
738.975,317.44,-9.27833,-0.190254,-0.981218,-0.0318593
744.255,316.261,-15.0677,-0.258647,-0.964991,0.0435146
749.163,314.047,-21.0017,-0.342829,-0.926084,0.157595
753.51,310.902,-26.8025,-0.337527,-0.891493,0.302185
757.532,307.01,-32.6153,-0.303921,-0.855962,0.418284
761.181,302.71,-38.1275,-0.332714,-0.822312,0.461633
764.573,298.052,-43.4844,-0.356062,-0.790492,0.498339
767.744,293.016,-48.7581,-0.345164,-0.751406,0.562361
770.728,287.529,-53.7515,-0.282175,-0.716289,0.638206
773.788,281.822,-58.8047,-0.227625,-0.711034,0.665295
776.86,276.09,-63.8794,-0.227626,-0.711032,0.665297
779.854,270.441,-68.8697,-0.229808,-0.706888,0.668953
782.518,264.686,-73.4456,-0.223637,-0.614875,0.756251
784.661,258.134,-77.3794,-0.179126,-0.474696,0.861729
786.249,251.029,-80.4424,-0.127439,-0.374918,0.918257
787.509,243.594,-82.9095,-0.140471,-0.300144,0.943494
788.581,235.966,-85.0193,-0.144709,-0.270555,0.951767
789.53,228.391,-86.946,-0.146781,-0.25422,0.955943
790.473,220.561,-88.8758,-0.146779,-0.254224,0.955943
791.449,212.662,-90.835,-0.146661,-0.255186,0.955704
792.391,204.794,-92.7652,-0.149183,-0.232939,0.960981
792.795,197.012,-93.7909,-0.159335,-0.045186,0.98619
792.961,188.944,-93.7266,-0.161168,0.0377582,0.986204
792.976,180.9,-93.1621,-0.161372,0.0916232,0.982631
792.888,173.125,-92.2883,-0.160917,0.132372,0.978051
792.733,165.264,-91.1053,-0.16021,0.16795,0.97269
792.605,157.428,-89.6253,-0.159557,0.206258,0.965401
792.536,149.59,-87.7853,-0.159122,0.251994,0.954557
792.662,142.007,-85.3837,-0.160288,0.336807,0.92783
793.099,134.975,-81.9126,-0.174502,0.563614,0.807396
794.381,129.262,-76.4799,-0.191282,0.676839,0.710845
795.919,123.686,-70.7596,-0.191282,0.676839,0.710845
797.479,118.027,-64.9517,-0.191282,0.676839,0.710845
799.025,112.422,-59.1945,-0.191472,0.677527,0.710138
800.557,106.865,-53.4655,-0.191848,0.678891,0.708732
802.055,101.402,-47.7464,-0.193896,0.686351,0.700947
803.555,95.935,-41.9502,-0.194817,0.689708,0.697388
805.032,90.5215,-36.1383,-0.19682,0.697056,0.689474
806.313,85.3401,-30.3528,-0.178627,0.723994,0.666277
807.314,80.2461,-24.3503,-0.0915281,0.758514,0.645197
808.153,75.2525,-18.2772,-0.0772404,0.769503,0.633955
808.835,70.3146,-12.0586,-0.079239,0.783767,0.615979
809.249,65.5789,-5.714,0.0110248,0.812052,0.58348
809.337,61.053,0.869394,0.0521891,0.834293,0.548845
809.031,56.8812,7.56126,0.0533435,0.85399,0.517548
808.397,52.8719,14.4445,0.0550545,0.865568,0.497756
807.417,49.0679,21.3623,0.0577999,0.876586,0.477761
806.049,45.4337,28.3651,0.0607724,0.884786,0.462018
804.327,42.0344,35.3263,0.065844,0.895101,0.440975
802.354,38.8752,42.1878,0.0708981,0.903168,0.423393
800.114,35.864,49.2003,0.0773427,0.911877,0.403111
797.602,33.1115,56.2341,0.0876863,0.923308,0.373916
794.762,30.673,63.2431,0.0979592,0.932245,0.348316
791.608,28.5581,70.2297,0.114585,0.943348,0.311391
788.081,26.9662,77.0743,0.137122,0.953916,0.266911
783.99,25.956,83.8746,0.175702,0.963461,0.20217
779.304,25.6675,90.4635,0.190645,0.965057,0.179774
774.55,25.3692,97.0521,0.189478,0.964985,0.181391
769.721,25.06,103.741,0.189478,0.964985,0.181391
765.325,24.7784,109.831,0.189478,0.964985,0.181391
760.54,24.4725,116.46,0.128179,0.982284,0.136708
755.909,24.2159,122.868,0.090892,0.990672,0.101525
751.204,24.0122,129.329,0.0956074,0.990871,0.0950518
746.447,23.9321,135.555,0.0711414,0.995753,0.0584441
741.556,23.9719,141.689,0.0188622,0.999814,0.00409785
736.578,24.0582,147.838,0.0220044,0.999758,0.000215624
731.499,24.2119,153.897,-0.00301454,0.999369,-0.0353921
726.293,24.4336,159.881,-0.0504156,0.99517,-0.0842338
720.934,24.6774,165.919,-0.0497553,0.99514,-0.084978
715.536,24.9101,171.725,-0.0483957,0.995081,-0.0864412
709.75,25.1328,177.422,-0.0469832,0.995025,-0.0878515
703.905,25.3124,182.605,-0.0477412,0.995047,-0.087194
697.709,25.4596,187.742,-0.048514,0.995066,-0.0865451
691.533,25.5883,192.684,-0.0485262,0.995066,-0.0865354
685.195,25.7053,197.584,-0.0485272,0.995066,-0.0865346
678.676,25.8122,202.373,-0.0469078,0.99504,-0.0877266
672.187,25.9137,206.747,-0.0427768,0.994973,-0.0905436
665.403,25.9866,210.899,-0.0496217,0.995021,-0.0864345
658.43,26.0024,215.112,-0.0513351,0.995023,-0.0853991
651.478,25.9988,219.316,-0.0521923,0.995023,-0.0848809
644.513,26.0072,223.525,-0.048765,0.995018,-0.0869523
638.084,26.0315,227.409,-0.048765,0.995018,-0.0869523
631.251,26.0958,231.554,-0.0419188,0.994959,-0.091103
624.365,26.2105,235.737,-0.0384988,0.994905,-0.0931793
617.508,26.3508,239.904,-0.0359325,0.994853,-0.0947387
610.593,26.4918,244.063,-0.0376439,0.994887,-0.0937119
603.625,26.5808,248.041,-0.042861,0.994952,-0.0907329
596.661,26.569,251.737,-0.052574,0.994947,-0.0855351
589.596,26.4621,255.291,-0.0606161,0.994831,-0.0814719
582.412,26.2835,258.761,-0.0660179,0.994698,-0.0788557
575.104,26.0644,262.148,-0.0669137,0.99467,-0.0784436
567.842,25.8018,265.357,-0.0714767,0.994512,-0.0764047
560.578,25.49,268.363,-0.0751614,0.994358,-0.0748569
553.132,25.1415,271.209,-0.0751656,0.994357,-0.0748553
545.597,24.7711,273.856,-0.075169,0.994357,-0.0748542
538.044,24.3837,276.272,-0.0708329,0.995217,-0.0672766
530.483,24.0363,278.179,-0.0421444,0.998997,-0.0151392
522.625,23.7381,279.504,-0.0401842,0.999072,-0.0155209
514.72,23.4369,280.579,-0.0401844,0.999072,-0.0155209
506.674,23.1297,281.636,-0.0401845,0.999072,-0.0155208
498.761,22.8271,282.651,-0.0401878,0.999072,-0.0155204
490.814,22.5334,283.607,-0.038202,0.999146,-0.0157646
482.793,22.2398,284.434,-0.0381996,0.999146,-0.0157648
474.869,21.9515,285.013,-0.0372062,0.999182,-0.0158452
466.826,21.6668,285.282,-0.0352103,0.999253,-0.0159304
458.84,21.3853,285.274,-0.0352069,0.999253,-0.0159304
450.781,21.0972,285.013,-0.0352119,0.999253,-0.0159306
442.758,20.8064,284.505,-0.0352144,0.999253,-0.0159307
434.923,20.526,283.639,-0.0332235,0.999324,-0.0157263
427.02,20.2394,282.124,-0.0332251,0.999324,-0.0157267
419.427,19.9571,280.224,-0.0332253,0.999324,-0.0157267
411.754,19.6587,278.131,-0.035156,0.99925,-0.0162462
404.109,19.3488,275.957,-0.0361148,0.999211,-0.0165161
396.49,19.0259,273.617,-0.0380262,0.99913,-0.0170946
389.1,18.6817,271.04,-0.0418047,0.998957,-0.0183864
381.708,18.3045,268.168,-0.0446054,0.998815,-0.0194535
374.404,17.8999,265.026,-0.0473667,0.998665,-0.0206113
367.201,17.4834,261.671,-0.0482732,0.998613,-0.0210264
360.052,17.0531,258.104,-0.0500627,0.998506,-0.0219096
353.07,16.614,254.418,-0.0518319,0.998395,-0.0228407
346.179,16.1588,250.609,-0.0535851,0.99828,-0.0238007
339.342,15.6851,246.62,-0.0561712,0.9981,-0.0253051
332.629,15.2019,242.466,-0.0561783,0.9981,-0.0253093
326.013,14.7333,238.132,-0.0511771,0.998447,-0.0220094
319.507,14.3274,233.634,-0.0462392,0.998757,-0.0186114
313.01,13.9545,228.997,-0.0429875,0.998943,-0.0162911
306.601,13.6265,224.329,-0.0365306,0.999265,-0.0115801
300.224,13.376,219.602,-0.0301031,0.999524,-0.00682482
293.859,13.1859,214.834,-0.0229032,0.999737,-0.0014321
287.476,13.0853,210.005,-0.0125369,0.999901,0.00640736
281.08,13.0763,205.152,-0.00457266,0.999912,0.0124486
274.7,13.1447,200.314,0.00180005,0.999849,0.0172831
268.315,13.2671,195.493,0.00658623,0.99976,0.0208994
262.057,13.4233,190.8,0.00978382,0.999681,0.0232988
255.628,13.6092,186.024,0.0121919,0.999611,0.0250882
249.226,13.83,181.326,0.0178333,0.999414,0.0292293
242.644,14.1424,176.686,0.0284251,0.99892,0.0367497
235.995,14.5211,172.25,0.0334044,0.998638,0.0400838
229.226,14.9315,167.927,0.0350833,0.998536,0.0411642
222.454,15.3418,163.748,0.0350836,0.998536,0.0411644
215.625,15.7425,159.637,0.0325142,0.998686,0.0396199
208.689,16.1216,155.546,0.0307949,0.99878,0.0386026
201.726,16.4698,151.589,0.0273254,0.998956,0.0366133
194.645,16.7782,147.829,0.0229216,0.99915,0.034254
187.432,17.0308,144.338,0.0148249,0.99943,0.0303341
180.13,17.1813,141.193,0.000125106,0.999711,0.0240312
172.749,17.1992,138.437,-0.0101551,0.999746,0.0201302
165.278,17.1609,135.931,-0.0129918,0.999732,0.0191703
157.708,17.1033,133.588,-0.0139458,0.999725,0.0188738
150.069,17.0166,131.568,-0.0187732,0.999669,0.0175878
142.144,16.8528,130.345,-0.0266516,0.999513,0.0162416
134.265,16.6403,130.183,-0.0266505,0.999514,0.0161667
126.359,16.4409,130.663,-0.0226571,0.999616,0.0159587
118.576,16.2457,131.642,-0.0246374,0.999565,0.0162409
110.687,16.0218,132.988,-0.0266062,0.999509,0.0165758
102.829,15.7583,134.601,-0.0324847,0.999315,0.0177491
95.1262,15.4369,136.591,-0.0402389,0.998996,0.0196948
87.576,15.0756,139.102,-0.0411975,0.998951,0.019973
80.2905,14.7122,142.247,-0.041197,0.998951,0.0199728
73.2148,14.344,146.047,-0.0420631,0.998905,0.0204717
66.4534,13.9716,150.303,-0.0428983,0.998858,0.0210175
59.8751,13.5938,154.808,-0.0437148,0.998811,0.0215916
53.4001,13.2074,159.572,-0.0437148,0.998811,0.0215916
47.1816,12.8197,164.561,-0.0445075,0.998762,0.0222004
41.1439,12.4346,169.779,-0.0445092,0.998762,0.0222019
35.2665,12.0538,175.128,-0.0445088,0.998762,0.0222016
29.5266,11.6748,180.671,-0.0445088,0.998762,0.0222015
24.1058,11.3069,186.352,-0.0445084,0.998762,0.0222011
18.8376,10.9395,192.439,-0.0438585,0.998808,0.021443
13.6594,10.5921,198.662,-0.0425753,0.998895,0.0199125
8.86371,10.2722,204.452,-0.0425753,0.998895,0.0199126
3.78435,9.95959,210.599,-0.0368473,0.999237,0.0129798
-1.25789,9.74841,216.719,-0.0285844,0.999587,0.00294938
-6.40133,9.62001,222.958,-0.0234971,0.999719,-0.00322159
-11.5125,9.52968,229.128,-0.0209451,0.999761,-0.00629999
-16.7014,9.53298,235.238,-0.00931158,0.999756,-0.0200363
-22.2069,9.73325,241.117,0.0110265,0.999054,-0.0420684
-27.9978,10.1115,246.559,0.0233032,0.99828,-0.0537989
-33.8902,10.5773,251.796,0.0330051,0.997504,-0.0624224
-40.018,11.1663,256.903,0.046014,0.996249,-0.0732889
-46.3554,11.8766,261.762,0.0578517,0.994918,-0.0824082
-52.8783,12.6881,266.296,0.0684496,0.993602,-0.0898333
-59.662,13.5999,270.621,0.0801667,0.992019,-0.0973187
-67.0782,14.6739,274.832,0.0922242,0.990269,-0.104224
-74.2387,15.7475,278.468,0.096626,0.989608,-0.106483
-81.3973,16.8319,281.85,0.101102,0.98893,-0.108612
-88.5806,17.926,285.074,0.102008,0.988791,-0.109022
-95.8961,19.0364,288.231,0.103836,0.988514,-0.109811
-103.276,20.1589,291.249,0.105665,0.988235,-0.11057
-110.801,21.3022,294.267,0.107501,0.987955,-0.111306
-118.148,22.4567,297.286,0.109341,0.987669,-0.112046
-125.42,23.5877,300.548,0.0958177,0.989751,-0.105883
-132.308,24.5919,304.551,0.0810641,0.991907,-0.0977236
-139.057,25.5661,308.903,0.0794041,0.992146,-0.0966515
-145.617,26.4914,313.233,0.0736183,0.992957,-0.0928245
-152.21,27.33,317.761,0.0555932,0.995209,-0.0804274
-158.646,27.9378,322.357,0.029624,0.997643,-0.0618944
-165.104,28.254,327.04,-0.00273443,0.999257,-0.0384375
-171.563,28.253,331.716,-0.0359318,0.999251,-0.0143824
-178.037,27.9133,336.265,-0.0702277,0.997483,0.00979015
-184.685,27.2081,340.702,-0.10745,0.993602,0.034767
-191.38,26.161,344.896,-0.140994,0.98843,0.0559213
-198.174,24.771,348.899,-0.185937,0.979099,0.0824185
-204.975,22.7894,352.571,-0.259117,0.958068,0.122328
-211.792,20.2367,355.813,-0.312041,0.938477,0.147959
-218.734,17.3695,358.784,-0.328347,0.931755,0.154986
-225.638,14.4473,361.575,-0.332655,0.929931,0.156742
-232.553,11.5389,364.193,-0.329173,0.931387,0.155444
-239.568,8.72919,366.655,-0.313305,0.937757,0.149837
-246.709,6.08023,368.974,-0.288191,0.947035,0.141671
-253.986,3.6554,371.19,-0.264513,0.954968,0.134418
-261.305,1.47884,373.316,-0.228462,0.965632,0.123934
-268.738,-0.424272,375.414,-0.20234,0.972355,0.116556
-276.161,-2.07063,377.522,-0.168477,0.979887,0.106941
-283.724,-3.38835,379.812,-0.120316,0.988416,0.0925072
-291.185,-4.38438,382.289,-0.0873398,0.992829,0.081627
-298.643,-5.17096,384.973,-0.0676627,0.994917,0.0745803
-306.17,-5.69172,387.811,-0.0190987,0.998232,0.0562924
-313.549,-5.64835,390.796,0.0532804,0.998207,0.0272668
-320.901,-5.12807,393.945,0.0964388,0.995299,0.00888209
-328.085,-4.36542,397.12,0.114651,0.993406,0.000856511
-335.371,-3.49843,400.377,0.119188,0.992871,-0.00116729
-342.843,-2.59756,403.726,0.119185,0.992871,-0.00116624
-350.004,-1.67218,406.961,0.137261,0.990491,-0.00934622
-357.164,-0.527156,410.27,0.159726,0.986965,-0.0196931
-364.438,0.724559,413.681,0.160628,0.98681,-0.0201152
-371.796,1.99274,417.135,0.160634,0.986809,-0.0201181
-379.075,3.26071,420.552,0.169576,0.985217,-0.0243174
-386.18,4.695,423.951,0.202396,0.978485,-0.040041
-393.213,6.42241,427.432,0.22517,0.97297,-0.0512692
-400.187,8.27592,430.945,0.234725,0.970443,-0.0560737
-407.136,10.2038,434.481,0.244278,0.967789,-0.060934
-414.015,12.2361,438.021,0.258895,0.963477,-0.068451
-420.908,14.4047,441.625,0.266616,0.961075,-0.0724593
-427.897,16.621,445.302,0.266626,0.961072,-0.0724647
-434.283,18.6459,448.663,0.266626,0.961072,-0.0724647
-441.307,20.8731,452.358,0.266627,0.961072,-0.0724647
-447.723,22.9079,455.735,0.266627,0.961072,-0.0724647
-454.709,25.136,459.411,0.270041,0.959981,-0.0742619
-461.665,27.3896,463.075,0.271737,0.959432,-0.0751552
-468.65,29.6639,466.756,0.283616,0.955475,-0.0814191
-475.378,32.1291,470.34,0.311361,0.945412,-0.0961816
-482.075,34.9173,473.881,0.353633,0.927839,-0.11857
-488.621,37.9226,477.308,0.364302,0.922967,-0.12416
-495.24,41.0432,480.777,0.372427,0.919134,-0.128418
-501.811,44.2137,484.225,0.375683,0.917567,-0.130127
-508.423,47.4241,487.697,0.378097,0.916394,-0.131394
-515.014,50.6469,491.159,0.378893,0.916005,-0.131812
-521.675,53.9145,494.659,0.379671,0.915624,-0.132221
-528.37,57.1982,498.176,0.379671,0.915624,-0.132221
-535.029,60.4621,501.67,0.378896,0.916004,-0.131815
-541.574,63.6388,505.059,0.374896,0.917943,-0.129746
-548.119,66.7157,508.321,0.365109,0.922555,-0.124848
-554.825,69.7713,511.562,0.359183,0.925263,-0.121972
-561.512,72.7676,514.732,0.356509,0.926462,-0.120701
-568.263,75.779,517.909,0.356439,0.926494,-0.120668
-575.085,78.8181,521.094,0.356414,0.926505,-0.120656
-581.907,81.8372,524.13,0.35553,0.926893,-0.120277
-588.861,84.815,526.873,0.346902,0.930596,-0.116833
-596.341,87.8741,529.415,0.338098,0.934205,-0.113801
-603.715,90.7863,531.644,0.333561,0.936003,-0.11241
-610.899,93.5859,533.697,0.331773,0.936699,-0.111898
-618.231,96.3246,535.38,0.312419,0.943824,-0.107664
-625.732,98.6044,536.224,0.251762,0.962609,-0.0999965
-633.476,100.44,536.144,0.21485,0.971536,-0.0997863
-641.243,101.988,535.324,0.195339,0.975447,-0.101719
-648.943,103.231,533.664,0.16728,0.980033,-0.107479
-656.419,104.13,531.232,0.14079,0.983223,-0.115977
-663.824,104.695,528.162,0.0953414,0.992248,-0.0797125
-671.054,105.074,524.861,0.0627847,0.996874,-0.0479651
-678.126,105.234,521.254,0.0377976,0.997448,-0.0605759
-684.98,105.097,516.957,-0.0262336,0.999218,-0.0295989
-690.912,104.512,511.635,-0.0705381,0.995997,-0.0549116
-696.761,103.781,505.905,-0.0705381,0.995997,-0.0549116
-702.618,103.05,500.167,-0.0705381,0.995997,-0.0549116
-708.263,102.219,494.459,-0.0956878,0.99216,-0.0803895
-713.523,101.154,488.508,-0.105085,0.990327,-0.0906117
-718.051,100.006,482.079,-0.120741,0.986178,-0.113467
-721.701,98.4577,475.103,-0.15182,0.973434,-0.171395
-724.871,96.583,468.068,-0.163903,0.966412,-0.197948
-727.922,94.5133,461.001,-0.17348,0.959925,-0.220113
-730.894,92.2107,453.984,-0.188045,0.94862,-0.254478
-733.633,89.5534,446.997,-0.205514,0.932084,-0.298301
-735.833,86.656,439.832,-0.212834,0.922717,-0.321395
-736.996,83.7875,432.58,-0.21551,0.91653,-0.336941
-736.905,80.9387,425.084,-0.215317,0.906917,-0.362133
-735.827,77.9942,417.656,-0.209873,0.890093,-0.404583
-734.011,74.9951,410.505,-0.202986,0.878059,-0.43337
-731.885,71.92,403.392,-0.110838,0.897117,-0.427664
-729.53,68.781,396.516,-0.0773261,0.890062,-0.449234
-726.402,65.6913,389.816,-0.0865539,0.897737,-0.431945
-721.812,63.6324,383.826,-0.109242,0.921986,-0.371496
-716.233,62.034,378.236,-0.0421733,0.948939,-0.312627
-710.627,60.4537,372.983,-0.00971709,0.947411,-0.319872
-704.425,58.7549,368.207,0.0362881,0.948604,-0.314377
-697.683,57.0168,364.284,0.11824,0.954013,-0.27546
-690.308,55.0219,361.526,0.154119,0.944467,-0.290223
-683.48,53.1363,359.015,0.154119,0.944467,-0.290223
-676.066,51.095,356.29,0.189426,0.960633,-0.203229
-668.731,49.1877,354.152,0.192925,0.964894,-0.178214
-660.991,47.5971,353.201,0.14612,0.973919,-0.173583
-653.166,47.0709,354.804,0.0831406,0.979815,-0.181797
-645.609,46.8967,358.117,0.133834,0.978305,-0.158139
-638.592,46.3065,362.823,0.179906,0.982027,-0.0570762
-632.666,45.051,368.066,0.21739,0.974653,0.052853
-627.337,43.4048,373.822,0.238147,0.968331,0.0749736
-622.328,41.6632,379.703,0.176468,0.973702,0.144097
-617.42,39.8232,385.712,0.157619,0.972081,0.173824
-612.597,37.9167,391.857,0.16125,0.970654,0.178409
-608.559,36.0121,398.407,0.0834608,0.96999,0.228373
-605.306,34.0319,405.491,0.0720702,0.96721,0.243539
-602.355,31.8879,412.655,0.0810641,0.960872,0.264864
-599.882,29.642,420.005,0.081712,0.960317,0.266674
-598.319,27.4087,427.54,0.0819751,0.960037,0.267597
-597.985,25.274,435.246,0.0815039,0.962701,0.258001
-598.634,23.158,443.033,0.080531,0.959341,0.270516
-599.316,21.0223,450.771,0.0803602,0.958808,0.272452
-600.003,18.8757,458.555,0.0805295,0.959337,0.270532
-600.836,16.7827,466.345,0.0815064,0.961922,0.260888
-602.619,14.9472,473.931,0.0845869,0.965405,0.246654
-605.648,13.3472,481.116,0.0802244,0.96321,0.256496
-609.256,11.7333,488.076,0.0730327,0.95997,0.270415
-613.584,10.1585,494.612,0.0650109,0.956997,0.28272
-618.748,8.64996,500.537,0.0511172,0.952805,0.29925
-624.5,7.25963,505.857,0.0468149,0.951745,0.303297
-630.647,5.96192,510.855,0.0460375,0.951571,0.303962
-637.01,4.75133,515.622,0.0476521,0.951871,0.302771
-643.637,3.7585,519.803,0.0476393,0.951892,0.30271
-650.742,2.98596,523.304,0.00565091,0.974652,0.223657
-658.013,2.28589,526.441,-0.023049,0.984684,0.172819
-665.42,1.5736,529.352,-0.0323486,0.983783,0.17642
-673.029,0.892314,531.477,-0.0480285,0.987998,0.146812
-680.872,0.332561,532.635,-0.0607643,0.996613,0.0554065
-688.776,-0.182191,533.247,-0.0606385,0.997051,0.0470349
-696.747,-0.663676,533.564,-0.0566644,0.998321,-0.0120418
-704.766,-1.04482,533.216,-0.0319606,0.993992,-0.104679
-712.494,-1.27882,532.038,0.00831863,0.994228,-0.106969
-720.216,-1.15835,530.1,0.083873,0.992602,-0.0877871
-727.849,-0.553668,527.734,0.112509,0.990496,-0.0791224
-735.505,0.134174,525.263,0.115364,0.99024,-0.0782054
-743.041,0.806426,522.564,0.115403,0.990231,-0.0782652
-750.065,1.16623,518.801,0.0826252,0.992022,-0.0952163
-757.048,1.33045,514.453,0.0826252,0.992022,-0.0952162
-763.416,1.48023,510.488,0.0826239,0.992022,-0.095217
-769.789,1.63064,506.52,0.0834741,0.992001,-0.0946875
-776.344,1.89663,502.115,0.103727,0.991232,-0.081853
-782.441,2.13149,496.994,0.108309,0.991054,-0.0779833
-787.947,2.30694,491.167,0.112575,0.990901,-0.0737667
-792.905,2.43559,484.896,0.118157,0.990752,-0.0667023
-797.594,2.6261,478.329,0.127527,0.990379,-0.0537337
-802.036,2.87943,471.67,0.134718,0.989954,-0.0429294
-806.179,3.22233,464.794,0.144066,0.989184,-0.027565
-809.863,3.62582,457.67,0.151466,0.988371,-0.0134154
-813.195,4.05787,450.379,0.153134,0.988157,-0.00979795
-816.443,4.50381,443.015,0.154357,0.98799,-0.00704445
-819.613,4.98054,435.631,0.157916,0.987452,0.00124045
-822.722,5.51456,428.158,0.160995,0.986918,0.00864308
-825.685,6.11066,420.732,0.164716,0.986178,0.0179206
-828.617,6.74639,413.211,0.165442,0.986021,0.0197794
-831.515,7.39328,405.695,0.166162,0.985861,0.0216404
-834.349,8.04811,398.174,0.135659,0.990081,0.0365677
-836.98,8.70539,390.728,0.074095,0.995232,0.0634282
-839.421,9.3835,383.124,0.0750114,0.994978,0.066274
-841.678,10.0766,375.504,0.0758672,0.994719,0.0691269
-843.846,10.7939,367.753,0.0766774,0.994452,0.0720075
-845.838,11.5166,360.048,0.0116128,0.99579,0.0909207
-847.356,12.2552,352.207,-0.00528366,0.995574,0.0938302
-848.029,12.9781,344.228,-0.00587345,0.9962,0.086892
-848.123,13.6495,336.35,-0.00593917,0.996457,0.0838987
-847.818,14.3171,328.373,-0.00579007,0.996704,0.0809208
-847.068,14.9499,320.398,-0.00555481,0.996943,0.0779385
-846.119,15.5675,312.475,-0.00544068,0.997021,0.0769437
-845.105,16.1885,304.5,-0.00544074,0.997021,0.0769441
-844.037,16.815,296.458,-0.00544258,0.997019,0.0769579
-843.049,17.394,289.027,-0.00544382,0.997019,0.0769673
-841.969,18.0266,280.91,-0.00544381,0.997019,0.0769673
-840.982,18.6049,273.488,-0.00544381,0.997019,0.0769673
-839.994,19.1835,266.063,-0.0054438,0.997019,0.0769673
-838.909,19.812,257.998,-0.00544366,0.997019,0.0769664
-837.741,20.4337,250.034,-0.00559726,0.996941,0.0779554
-836.358,21.0916,242.086,-0.00623288,0.996622,0.0818895
-834.929,21.7656,234.062,-0.00640769,0.99654,0.0828711
-833.49,22.4486,225.984,-0.00658238,0.996457,0.083852
-832.063,23.1465,217.973,-0.00693189,0.996287,0.0858141
-830.701,23.8435,209.99,-0.00693151,0.996287,0.0858118
-829.604,24.544,202.034,-0.00720192,0.996113,0.0877848
-828.529,25.2693,193.892,-0.00720192,0.996113,0.0877848
-827.452,25.9964,185.731,-0.00720192,0.996113,0.0877848
-826.42,26.7111,177.67,-0.00695493,0.996288,0.0858076
-825.757,27.3715,169.696,-0.00646072,0.996705,0.0808501
-825.191,28.0332,161.593,0.0879297,0.99231,0.0871128
-824.739,28.6974,153.6,0.180878,0.979251,0.091382
-824.447,29.3922,145.647,0.270894,0.957917,0.0949341
-824.23,30.1356,137.529,0.360844,0.927818,0.0945801
-824.034,30.8887,129.524,0.44626,0.889729,0.0960978
-823.921,31.7052,121.661,0.526479,0.844443,0.0986711
-823.923,32.6762,113.847,0.602296,0.791565,0.103272
-823.985,33.7848,105.996,0.673327,0.732076,0.103421
-824.066,35.1354,98.179,0.738941,0.661827,0.1263
-824.071,36.8479,90.3994,0.797878,0.58692,0.137534
-824.044,38.6695,82.7254,0.850121,0.510579,0.128856
-823.969,40.6129,75.0227,0.894533,0.42768,0.129999
-823.661,42.8625,67.5404,0.928379,0.326039,0.178356
-822.908,45.5692,59.9477,0.955901,0.230294,0.182259
-822.121,48.2984,52.3661,0.977708,0.143531,0.153251
-821.323,51.0069,44.8431,0.990121,0.0535644,0.12958
-820.185,53.9259,37.4729,0.97283,0.0126885,0.231172
-818.285,57.2582,30.502,0.955594,-0.0173476,0.294174
-815.8,60.5923,23.9312,0.928646,-0.0541997,0.366986
-812.641,63.9391,17.3289,0.899014,-0.0859338,0.429405
-808.908,67.0336,11.0978,0.842072,-0.132437,0.522853
-804.553,69.9431,5.03871,0.83984,-0.133955,0.526046
-800.171,72.9648,-1.19495,0.840383,-0.133581,0.525274
-795.808,75.9734,-7.40297,0.83554,-0.136896,0.532103
-791.287,78.941,-13.3287,0.785304,-0.169143,0.595557
-786.064,81.8766,-18.6835,0.723174,-0.204233,0.65978
-780.254,84.653,-23.4406,0.644678,-0.242091,0.725109
-774.02,87.447,-27.8054,0.609231,-0.257921,0.749876
-767.704,90.2459,-31.7529,0.574216,-0.273376,0.771713
-761.244,93.1376,-35.3201,0.545741,-0.286035,0.787624
-754.693,96.1192,-38.6179,0.515872,-0.299592,0.802572
-748.013,99.1992,-41.3461,0.440948,-0.33391,0.833108
-741.053,102.506,-43.2749,0.379613,-0.362452,0.851189
-734.037,106.229,-44.8287,0.381327,-0.361524,0.850817
-726.956,110.078,-46.384,0.383034,-0.360606,0.85044
-720.052,113.867,-48.0342,0.401976,-0.350287,0.845999
-713.069,117.781,-49.7216,0.40112,-0.350766,0.846207
-706.144,121.667,-51.379,0.361713,-0.276062,0.89048
-699.336,125.511,-52.8879,0.315316,-0.204351,0.926724
-692.427,129.444,-54.3567,0.277326,-0.132317,0.951621
-685.426,133.432,-55.8424,0.277325,-0.132316,0.951621
-678.993,137.098,-57.2077,0.277325,-0.132316,0.951621
-672.053,141.087,-58.7122,0.290114,-0.124932,0.948802
-665.191,145.143,-60.293,0.2918,-0.12394,0.948415
-658.834,148.903,-61.7573,0.291797,-0.123942,0.948416
-651.948,152.997,-63.365,0.306916,-0.114881,0.944778
-645.399,157.19,-65.2152,0.352002,-0.0861131,0.93203
-639.021,161.592,-67.3951,0.374323,-0.0708898,0.924585
-633.064,165.747,-69.4879,0.374323,-0.0708898,0.924585
-626.807,170.103,-71.6634,0.368032,-0.0752649,0.926762
-620.437,174.45,-73.7407,0.349652,-0.0878243,0.932754
-613.897,178.629,-75.6696,0.322682,-0.105073,0.940657
-607.09,182.511,-77.4886,0.308352,-0.113303,0.944501
-600.262,186.211,-79.1725,0.245324,-0.0441807,0.968434
-593.122,189.678,-80.6142,0.158929,0.0174442,0.987136
-585.638,192.47,-81.6815,0.095203,0.0932318,0.991082
-578.107,194.954,-82.6222,0.0623739,0.179438,0.98179
-570.604,197.382,-83.5241,0.0296422,0.264017,0.964062
-563.073,199.735,-84.3769,-0.00551483,0.346489,0.938038
-555.438,201.731,-85.0574,-0.0234882,0.429191,0.902908
-547.625,203.108,-85.5453,-0.0335907,0.510229,0.859382
-539.596,204.414,-86.0068,-0.0491706,0.587714,0.807573
-531.569,205.72,-86.4682,-0.0643165,0.659974,0.748531
-523.524,207.028,-86.9302,-0.0789783,0.726728,0.682371
-515.707,208.175,-87.2995,-0.0773272,0.78743,0.611535
-507.831,208.854,-87.3502,-0.0569143,0.842493,0.535692
-499.806,209.174,-87.0927,-0.0473719,0.888994,0.455463
-491.879,209.417,-86.7535,-0.0440027,0.927534,0.371139
-483.988,209.623,-86.3267,-0.0401511,0.957974,0.284031
-476.067,209.748,-85.7031,-0.0237821,0.980399,0.195584
-468.11,209.606,-84.6096,0.000803981,0.981656,0.190658
-460.203,209.284,-83.1662,0.0086692,0.981344,0.192067
-452.481,208.893,-81.6106,0.0144765,0.981045,0.193241
-444.642,208.413,-79.9264,0.0316245,0.987556,0.154054
-436.887,207.832,-78.0979,0.0679009,0.995401,0.0675716
-429.246,207.057,-76.028,0.0973785,0.994044,0.0489284
-421.611,206.106,-73.763,0.123036,0.990789,0.0565552
-414.172,204.891,-71.3864,0.161589,0.984453,0.0688534
-406.754,203.327,-68.8427,0.195998,0.977291,0.0805449
-399.401,201.546,-66.1732,0.213437,0.973089,0.0868509
-392.362,199.714,-63.5393,0.225244,0.970019,0.0912594
-384.889,197.623,-60.6665,0.24239,0.965233,0.0978367
-377.674,195.493,-57.8494,0.249544,0.963121,0.100628
-370.435,193.272,-54.9992,0.259381,0.960105,0.1045
-363.31,190.985,-52.1753,0.275406,0.954915,0.110856
-356.279,188.565,-49.367,0.286913,0.950975,0.115446
-349.361,186.082,-46.5822,0.297455,0.947205,0.119684
-342.263,183.443,-43.7106,0.306229,0.943948,0.123233
-335.21,180.718,-40.8444,0.316705,0.939918,0.127487
-328.203,177.938,-37.9853,0.32194,0.937845,0.129622
-321.089,175.092,-35.0679,0.321939,0.937845,0.129622
-314.584,172.491,-32.4001,0.321939,0.937845,0.129622
-308.069,169.885,-29.7285,0.321938,0.937846,0.129621
-300.905,167.02,-26.7903,0.321938,0.937846,0.129621
-293.795,164.173,-23.8743,0.323675,0.937149,0.130333
-286.718,161.309,-20.9712,0.326272,0.936099,0.131399
-279.831,158.444,-18.1071,0.342629,0.929249,0.138211
-273.099,155.281,-15.1587,0.378145,0.912928,0.153525
-266.331,151.956,-12.1114,0.379819,0.912105,0.154278
-259.51,148.595,-9.02946,0.379816,0.912107,0.154276
-252.67,145.223,-5.93875,0.379816,0.912107,0.154276
-245.805,141.84,-2.83697,0.379815,0.912107,0.154276
-238.953,138.463,0.259151,0.379815,0.912107,0.154276
-232.093,135.082,3.35951,0.379817,0.912107,0.154277
-225.396,131.79,6.42417,0.37483,0.91455,0.151988
-218.758,128.598,9.55771,0.366547,0.918538,0.14809
-211.982,125.401,12.8068,0.361576,0.920886,0.14571
-205.463,122.37,15.9596,0.355759,0.923588,0.142899
-198.863,119.387,19.1947,0.342447,0.929587,0.136374
-192.198,116.499,22.5345,0.331613,0.934283,0.130951
-185.498,113.719,25.9394,0.315726,0.94086,0.122881
-178.693,111.086,29.4298,0.294693,0.948994,0.112099
-171.96,108.701,32.8947,0.27265,0.956823,0.100756
-165.095,106.454,36.4297,0.256424,0.962138,0.0924012
-158.233,104.358,39.9622,0.240989,0.966846,0.0844559
-151.291,102.433,43.5283,0.219423,0.972867,0.0733759
-144.295,100.617,47.1175,0.214222,0.974222,0.0707076
-137.237,98.8126,50.7374,0.212483,0.974668,0.0698156
-130.117,97.0023,54.389,0.211614,0.974889,0.0693696
-122.96,95.1877,58.0591,0.211614,0.974889,0.0693696
-115.816,93.3763,61.7229,0.211614,0.974889,0.0693696
-109.301,91.7244,65.0639,0.211613,0.974889,0.0693694
-102.378,89.9903,68.6108,0.208132,0.975763,0.0675855
-95.2936,88.2443,72.2327,0.205522,0.976407,0.0662511
-88.169,86.4977,75.8729,0.205519,0.976408,0.0662496
-81.049,84.7547,79.5037,0.204648,0.976621,0.0658055
-74.024,83.0671,83.0714,0.199417,0.977878,0.063149
-67.0769,81.4722,86.5768,0.186289,0.980867,0.0565299
-60.0197,80.0214,90.1023,0.164289,0.985361,0.0455364
-52.8731,78.8141,93.6185,0.129676,0.991147,0.0285033
-45.7102,78.0449,97.0569,0.0839926,0.996445,0.00648181
-38.493,77.5751,100.501,0.0434512,0.998973,-0.012861
-31.2573,77.6429,103.933,-0.0260873,0.998606,-0.0458923
